{"repoSenseVersion":"29b9f5fbd7","reportGeneratedTime":"Wed Jul 17 16:32:54 2024 UTC","reportGenerationTime":" 9.22 second(s)","zoneId":"Etc/UTC","reportTitle":"RepoSense Report","repos":[{"location":{"location":"https://github.com/AElfProject/AElf","repoName":"AElf","organization":"AElfProject","domainName":"github"},"branch":"dev","displayName":"AElfProject/AElf[dev]","outputFolderName":"AElfProject_AElf_dev"}],"errorSet":[],"sinceDate":"2024-06-17","untilDate":"2024-07-17","isSinceDateProvided":false,"isUntilDateProvided":false,"supportedDomainUrlMap":{"NOT_RECOGNIZED":{"BRANCH":"","REPO_URL":"UNSUPPORTED","BASE_URL":"UNSUPPORTED","HISTORY_PATH":"","COMMIT_PATH":"","BLAME_PATH":""},"github":{"BRANCH":"tree/$BRANCH","REPO_URL":"https://github.com/$ORGANIZATION/$REPO_NAME/","BASE_URL":"https://github.com/","HISTORY_PATH":"commits/$BRANCH/$FILE_PATH","COMMIT_PATH":"commit/$COMMIT_HASH","BLAME_PATH":"blame/$BRANCH/$FILE_PATH"}},"isAuthorshipAnalyzed":false}
